{"drawer":{"avatarEnabled":false,"enabled":false,"list":[],"wallpaperEnabled":false},"fab":{"enabled":false,"src":"add"},"toolbar":{"autoHide":false,"enabled":false,"homeButtonEnabled":false,"menus":[],"searchEnabled":false,"style":0,"subTitle":"","title":""},"viewPager":{"indGravity":0,"indStyle":0,"offscreenPageLimit":0,"pages":[{"indTitle":"文天玩WenTianPlay","url":"http://www.wentianplay.com"}],"transformer":0,"userInputEnabled":true},"webView":{"colorMode":false,"darkMode":1,"javaScriptEnabled":true,"openOtherPageWays":1,"pcMode":false,"userAgent":"WenTianPlay"}}